"year","fsi_annual_mean","country"
1964,0.100558852565023,"Austria"
1965,0.0797476856011751,"Austria"
1966,0.093813513710761,"Austria"
1967,0.058862283052732,"Austria"
1968,0.13702388997793,"Austria"
1969,0.0864129878063301,"Austria"
1970,0.0457773042054131,"Austria"
1971,0.0709910541654136,"Austria"
1972,0.0783717552434116,"Austria"
1973,0.112596227143842,"Austria"
1974,0.151097237800954,"Austria"
1975,0.110850804606454,"Austria"
1976,0.0597909075603157,"Austria"
1977,0.0707505962768477,"Austria"
1978,0.0927955641675412,"Austria"
1979,0.0665973078797883,"Austria"
1980,0.0543708791364038,"Austria"
1981,0.228587604089899,"Austria"
1982,0.253718109024188,"Austria"
1983,0.139136567265115,"Austria"
1984,0.0818958085759479,"Austria"
1985,0.141411805303074,"Austria"
1986,0.318121496756416,"Austria"
1987,0.180305533382509,"Austria"
1988,0.0868051052797288,"Austria"
1989,0.105762106771254,"Austria"
1990,0.0874984502666115,"Austria"
1991,0.19434490339786,"Austria"
1992,0.260901194348595,"Austria"
1993,0.188924483319158,"Austria"
1994,0.0955922917015089,"Austria"
1995,0.157752952603621,"Austria"
1996,0.121104903197026,"Austria"
1997,0.145416264228511,"Austria"
1998,0.105609844700103,"Austria"
1999,0.178876007970207,"Austria"
2000,0.110067303889699,"Austria"
2001,0.0712947265181209,"Austria"
2002,0.0360739128522094,"Austria"
2003,0.0576224079234577,"Austria"
2004,0.0688069068279863,"Austria"
2005,0.0707761215459963,"Austria"
2006,0.0510479094765569,"Austria"
2007,0.0630951026274601,"Austria"
2008,0.20448198563726,"Austria"
2009,0.2869615727415,"Austria"
2010,0.189935506044278,"Austria"
2011,0.13380744999888,"Austria"
2012,0.221444843609928,"Austria"
2013,0.108004124000211,"Austria"
2014,0.0794053769894219,"Austria"
1990,0.127910816799192,"Belgium"
1991,0.173241011606823,"Belgium"
1992,0.235984158910163,"Belgium"
1993,0.146137465903565,"Belgium"
1994,0.0897166906947574,"Belgium"
1995,0.1083659388235,"Belgium"
1996,0.0728640725279846,"Belgium"
1997,0.171899114990729,"Belgium"
1998,0.125233686844503,"Belgium"
1999,0.231107509262805,"Belgium"
2000,0.22254463195126,"Belgium"
2001,0.144904127190608,"Belgium"
2002,0.177948209516191,"Belgium"
2003,0.157534872163192,"Belgium"
2004,0.0831621961420725,"Belgium"
2005,0.0628229830831506,"Belgium"
2006,0.0647426506272912,"Belgium"
2007,0.0882927666319315,"Belgium"
2008,0.292769912780572,"Belgium"
2009,0.266506270607307,"Belgium"
2010,0.206571153668945,"Belgium"
2011,0.171751392566366,"Belgium"
2012,0.180888776466921,"Belgium"
2013,0.0979461192188299,"Belgium"
2014,0.0706513238857503,"Belgium"
2000,0.09131898456326,"Bulgaria"
2001,0.11710580878915,"Bulgaria"
2002,0.078080674536684,"Bulgaria"
2003,0.0439572076066205,"Bulgaria"
2004,0.0380295613012205,"Bulgaria"
2005,0.0796115955617951,"Bulgaria"
2006,0.0760491616961254,"Bulgaria"
2007,0.115487110109228,"Bulgaria"
2008,0.255381460541526,"Bulgaria"
2009,0.417443454723822,"Bulgaria"
2010,0.242838061781574,"Bulgaria"
2011,0.133010589205356,"Bulgaria"
2012,0.117285084385603,"Bulgaria"
2013,0.0734365851491369,"Bulgaria"
2014,0.0841579367588282,"Bulgaria"
1998,0.0603930717769411,"Cyprus"
1999,0.0740576360403212,"Cyprus"
2000,0.0663026635094387,"Cyprus"
2001,0.227044735776722,"Cyprus"
2002,0.141366628007848,"Cyprus"
2003,0.0517578469553368,"Cyprus"
2004,0.093929832073513,"Cyprus"
2005,0.085950009486678,"Cyprus"
2006,0.0630527900215381,"Cyprus"
2007,0.118343475509355,"Cyprus"
2008,0.111565531110588,"Cyprus"
2009,0.0839679848720587,"Cyprus"
2010,0.106556094305472,"Cyprus"
2011,0.129983359908814,"Cyprus"
2012,0.215887455520299,"Cyprus"
2013,0.10659005910265,"Cyprus"
2014,0.0965582820299654,"Cyprus"
1997,0.0964769797665275,"Czech Republic"
1998,0.157453426260747,"Czech Republic"
1999,0.212424700568899,"Czech Republic"
2000,0.12094044451509,"Czech Republic"
2001,0.243501476385982,"Czech Republic"
2002,0.274149531612244,"Czech Republic"
2003,0.0769500112855376,"Czech Republic"
2004,0.0591958739671439,"Czech Republic"
2005,0.0496023094091986,"Czech Republic"
2006,0.067274872278677,"Czech Republic"
2007,0.11857197776628,"Czech Republic"
2008,0.283890850041629,"Czech Republic"
2009,0.479017789133524,"Czech Republic"
2010,0.199043338957188,"Czech Republic"
2011,0.11570251678592,"Czech Republic"
2012,0.111345859014551,"Czech Republic"
2013,0.0950030306537949,"Czech Republic"
2014,0.055838930461246,"Czech Republic"
1964,0.0688771912741538,"Germany"
1965,0.0750869942114007,"Germany"
1966,0.154445634034214,"Germany"
1967,0.133097317630808,"Germany"
1968,0.0492284120047501,"Germany"
1969,0.0632787792748147,"Germany"
1970,0.0818613400100141,"Germany"
1971,0.0718349690412476,"Germany"
1972,0.0296805972293906,"Germany"
1973,0.298841142018118,"Germany"
1974,0.403202875224779,"Germany"
1975,0.204769462411366,"Germany"
1976,0.112179285217914,"Germany"
1977,0.067966989331909,"Germany"
1978,0.134795901350196,"Germany"
1979,0.0972505499915731,"Germany"
1980,0.264001659645861,"Germany"
1981,0.313964224112261,"Germany"
1982,0.119011489386014,"Germany"
1983,0.112169284286073,"Germany"
1984,0.140690464978454,"Germany"
1985,0.0893480458481539,"Germany"
1986,0.211307069234815,"Germany"
1987,0.259464849232836,"Germany"
1988,0.111071960504932,"Germany"
1989,0.0898160229461548,"Germany"
1990,0.161488068558434,"Germany"
1991,0.163313026476234,"Germany"
1992,0.200852259520052,"Germany"
1993,0.103945443683438,"Germany"
1994,0.15908706605581,"Germany"
1995,0.144359656334078,"Germany"
1996,0.0868230352606794,"Germany"
1997,0.0729922973560993,"Germany"
1998,0.111030137833771,"Germany"
1999,0.203345941709577,"Germany"
2000,0.172234198737286,"Germany"
2001,0.0956682153921176,"Germany"
2002,0.195242050070786,"Germany"
2003,0.214345713666051,"Germany"
2004,0.0874062886370666,"Germany"
2005,0.0659567434908881,"Germany"
2006,0.0416412734237249,"Germany"
2007,0.0432553982675821,"Germany"
2008,0.19382540336365,"Germany"
2009,0.306478527880668,"Germany"
2010,0.125720777765181,"Germany"
2011,0.117910477134504,"Germany"
2012,0.0893373093318796,"Germany"
2013,0.0875754768967436,"Germany"
2014,0.0326722202479726,"Germany"
1968,0.0739712849627302,"Denmark"
1969,0.0680650015387442,"Denmark"
1970,0.0560801371088734,"Denmark"
1971,0.0643554768991245,"Denmark"
1972,0.0584618582324057,"Denmark"
1973,0.0745619635409008,"Denmark"
1974,0.179452926672457,"Denmark"
1975,0.145458058532635,"Denmark"
1976,0.182560040313227,"Denmark"
1977,0.0997793357613971,"Denmark"
1978,0.150484260063762,"Denmark"
1979,0.222267308706114,"Denmark"
1980,0.21397558137682,"Denmark"
1981,0.0959782005416069,"Denmark"
1982,0.176319659824304,"Denmark"
1983,0.174140615034955,"Denmark"
1984,0.1212430132562,"Denmark"
1985,0.0786463191262739,"Denmark"
1986,0.119491448587884,"Denmark"
1987,0.22236185848652,"Denmark"
1988,0.0811192903337978,"Denmark"
1989,0.098189495602756,"Denmark"
1990,0.0748921936341196,"Denmark"
1991,0.0413390490734949,"Denmark"
1992,0.203280915847091,"Denmark"
1993,0.239774140675867,"Denmark"
1994,0.0971963870907544,"Denmark"
1995,0.084946685204029,"Denmark"
1996,0.0823145838462329,"Denmark"
1997,0.144105085555929,"Denmark"
1998,0.157263909458797,"Denmark"
1999,0.146627861634981,"Denmark"
2000,0.0914890650766077,"Denmark"
2001,0.18348106618437,"Denmark"
2002,0.135373224725785,"Denmark"
2003,0.124386909762676,"Denmark"
2004,0.0376168066148088,"Denmark"
2005,0.0332037945412242,"Denmark"
2006,0.0502929629053529,"Denmark"
2007,0.0916459762774229,"Denmark"
2008,0.214270675167603,"Denmark"
2009,0.258565935224418,"Denmark"
2010,0.114423576787722,"Denmark"
2011,0.101255443531422,"Denmark"
2012,0.0856770759856244,"Denmark"
2013,0.07195462883579,"Denmark"
2014,0.0557258865720846,"Denmark"
1964,0.0934539217895427,"Spain"
1965,0.0919303888802796,"Spain"
1966,0.0859954529436124,"Spain"
1967,0.100964795297252,"Spain"
1968,0.0646829676557947,"Spain"
1969,0.0834498409424364,"Spain"
1970,0.0550391481318131,"Spain"
1971,0.0464653097852376,"Spain"
1972,0.0509298352795641,"Spain"
1973,0.0939688193635734,"Spain"
1974,0.174174733691502,"Spain"
1975,0.201026084286836,"Spain"
1976,0.213494335023086,"Spain"
1977,0.174807961968198,"Spain"
1978,0.231526716540151,"Spain"
1979,0.440307056870251,"Spain"
1980,0.258972928828627,"Spain"
1981,0.129230023895902,"Spain"
1982,0.0843383104640743,"Spain"
1983,0.133228794515431,"Spain"
1984,0.079090099089309,"Spain"
1985,0.0852696309679499,"Spain"
1986,0.0804691386124118,"Spain"
1987,0.211591086360281,"Spain"
1988,0.145995453657766,"Spain"
1989,0.0893768255915163,"Spain"
1990,0.10342682642534,"Spain"
1991,0.102678634122285,"Spain"
1992,0.202939566106462,"Spain"
1993,0.268225297741501,"Spain"
1994,0.102338929078443,"Spain"
1995,0.146085699293068,"Spain"
1996,0.0637336397073059,"Spain"
1997,0.0757010144847512,"Spain"
1998,0.0895080898438845,"Spain"
1999,0.0742774858532207,"Spain"
2000,0.0555044108227176,"Spain"
2001,0.105655881819979,"Spain"
2002,0.13123142609687,"Spain"
2003,0.131978082744332,"Spain"
2004,0.045276809126798,"Spain"
2005,0.0310241669090265,"Spain"
2006,0.0729021480239359,"Spain"
2007,0.0686394406610426,"Spain"
2008,0.210330882048325,"Spain"
2009,0.271694739791305,"Spain"
2010,0.262000881345075,"Spain"
2011,0.184411302928711,"Spain"
2012,0.287932808982975,"Spain"
2013,0.14478055437579,"Spain"
2014,0.0768769489462785,"Spain"
1964,0.0953609049973411,"Finland"
1965,0.109572136700059,"Finland"
1966,0.113554480184443,"Finland"
1967,0.102606071626334,"Finland"
1968,0.106945095664612,"Finland"
1969,0.0717830676830776,"Finland"
1970,0.0910086383677168,"Finland"
1971,0.0649806120975826,"Finland"
1972,0.114997826296214,"Finland"
1973,0.11024555551962,"Finland"
1974,0.152148317982494,"Finland"
1975,0.285655080818904,"Finland"
1976,0.360346970040653,"Finland"
1977,0.330257995424838,"Finland"
1978,0.397440666698745,"Finland"
1979,0.13466839618301,"Finland"
1980,0.084251641223061,"Finland"
1981,0.108254657416394,"Finland"
1982,0.177420154082017,"Finland"
1983,0.11764763602857,"Finland"
1984,0.0733979282206163,"Finland"
1985,0.0956381137127922,"Finland"
1986,0.0466737110166479,"Finland"
1987,0.0815572413113895,"Finland"
1988,0.0657003791969898,"Finland"
1989,0.115525280311251,"Finland"
1990,0.181983657458548,"Finland"
1991,0.407827494327061,"Finland"
1992,0.598085358454947,"Finland"
1993,0.450927309954224,"Finland"
1994,0.33763042335151,"Finland"
1995,0.261723058411387,"Finland"
1996,0.207374558092819,"Finland"
1997,0.127697800995573,"Finland"
1998,0.132228913117238,"Finland"
1999,0.210001323814398,"Finland"
2000,0.15401365565623,"Finland"
2001,0.212755050409977,"Finland"
2002,0.171642383983188,"Finland"
2003,0.14987967686114,"Finland"
2004,0.0943503280829261,"Finland"
2005,0.0319403169638782,"Finland"
2006,0.0508655120439138,"Finland"
2007,0.0864693505407373,"Finland"
2008,0.163252043406577,"Finland"
2009,0.310515567726675,"Finland"
2010,0.262992840792171,"Finland"
2011,0.161446201940978,"Finland"
2012,0.178011588601454,"Finland"
2013,0.154577610585827,"Finland"
2014,0.0581304387417614,"Finland"
1964,0.121184090657935,"France"
1965,0.0796889878273041,"France"
1966,0.0650332204386968,"France"
1967,0.0947775311594793,"France"
1968,0.0618746289154121,"France"
1969,0.0839668415137028,"France"
1970,0.101074836010942,"France"
1971,0.244629867126127,"France"
1972,0.187387983335196,"France"
1973,0.107245595028711,"France"
1974,0.195312365935653,"France"
1975,0.324133031111542,"France"
1976,0.313195337638227,"France"
1977,0.240705147699351,"France"
1978,0.255921589694689,"France"
1979,0.130446575992961,"France"
1980,0.105312201445744,"France"
1981,0.318587673257839,"France"
1982,0.269933604494568,"France"
1983,0.154778121500748,"France"
1984,0.0813126944347062,"France"
1985,0.0818688190914525,"France"
1986,0.104250686706796,"France"
1987,0.127630429214312,"France"
1988,0.170788280750066,"France"
1989,0.0850762056009733,"France"
1990,0.104561133078271,"France"
1991,0.165600473729007,"France"
1992,0.21604029007323,"France"
1993,0.153552945802462,"France"
1994,0.113108313649622,"France"
1995,0.157259069757523,"France"
1996,0.07593550935824,"France"
1997,0.122993238873016,"France"
1998,0.104317366369962,"France"
1999,0.0876697141091364,"France"
2000,0.102678746744337,"France"
2001,0.181501577790282,"France"
2002,0.134546212898796,"France"
2003,0.193919950578358,"France"
2004,0.0835594882111603,"France"
2005,0.0421472405446,"France"
2006,0.0586667675406551,"France"
2007,0.0687887635739336,"France"
2008,0.22666623112859,"France"
2009,0.272987152550884,"France"
2010,0.126302244385876,"France"
2011,0.146116417573534,"France"
2012,0.203117809710935,"France"
2013,0.0973360421378262,"France"
2014,0.0864860199360465,"France"
1964,0.0605452641536429,"United Kingdom"
1965,0.0776350110445296,"United Kingdom"
1966,0.105412873257897,"United Kingdom"
1967,0.0875064008679372,"United Kingdom"
1968,0.0692375457436079,"United Kingdom"
1969,0.22790861211026,"United Kingdom"
1970,0.146233247340409,"United Kingdom"
1971,0.100110391340869,"United Kingdom"
1972,0.192781659283539,"United Kingdom"
1973,0.556704636057065,"United Kingdom"
1974,0.392937979779351,"United Kingdom"
1975,0.264736512492944,"United Kingdom"
1976,0.352827706244205,"United Kingdom"
1977,0.253589764850152,"United Kingdom"
1978,0.166701274013191,"United Kingdom"
1979,0.194317130868855,"United Kingdom"
1980,0.293105425773119,"United Kingdom"
1981,0.236188833325561,"United Kingdom"
1982,0.0806153485383237,"United Kingdom"
1983,0.107481639469879,"United Kingdom"
1984,0.0774036893151479,"United Kingdom"
1985,0.0711272184054966,"United Kingdom"
1986,0.144830106071073,"United Kingdom"
1987,0.138982866933702,"United Kingdom"
1988,0.194198451030905,"United Kingdom"
1989,0.155118162559223,"United Kingdom"
1990,0.186394244727799,"United Kingdom"
1991,0.0848391617748086,"United Kingdom"
1992,0.149755334364401,"United Kingdom"
1993,0.108737132449415,"United Kingdom"
1994,0.060200573801075,"United Kingdom"
1995,0.0535420901675355,"United Kingdom"
1996,0.0751296846816495,"United Kingdom"
1997,0.127558753472291,"United Kingdom"
1998,0.0996546602520433,"United Kingdom"
1999,0.0979710591321727,"United Kingdom"
2000,0.147306612782628,"United Kingdom"
2001,0.150746403412012,"United Kingdom"
2002,0.0876290572995418,"United Kingdom"
2003,0.127410430370541,"United Kingdom"
2004,0.0999340746587378,"United Kingdom"
2005,0.0483702518729306,"United Kingdom"
2006,0.0752903840388642,"United Kingdom"
2007,0.122519740131168,"United Kingdom"
2008,0.351046230018688,"United Kingdom"
2009,0.40585276300577,"United Kingdom"
2010,0.18569678894886,"United Kingdom"
2011,0.0995758085019962,"United Kingdom"
2012,0.0994638474754839,"United Kingdom"
2013,0.0691715799522628,"United Kingdom"
2014,0.0550458597649613,"United Kingdom"
1992,0.178045888750731,"Greece"
1993,0.149632590771552,"Greece"
1994,0.10586815244123,"Greece"
1995,0.0617197391012018,"Greece"
1996,0.0419013939701541,"Greece"
1997,0.160139099464223,"Greece"
1998,0.30616349527819,"Greece"
1999,0.16488190724586,"Greece"
2000,0.199856014964142,"Greece"
2001,0.0965090129635059,"Greece"
2002,0.0682836939982492,"Greece"
2003,0.0777381203276508,"Greece"
2004,0.058203980224109,"Greece"
2005,0.0703560481367825,"Greece"
2006,0.0778071461027439,"Greece"
2007,0.0681839730924822,"Greece"
2008,0.198509296301159,"Greece"
2009,0.300108563738134,"Greece"
2010,0.29899876534298,"Greece"
2011,0.31281098413157,"Greece"
2012,0.400323701809578,"Greece"
2013,0.163264651672027,"Greece"
2014,0.113675807531338,"Greece"
1999,0.209202668925464,"Croatia"
2000,0.0945556326702828,"Croatia"
2001,0.0594483556361401,"Croatia"
2002,0.0469096764450914,"Croatia"
2003,0.0732333553560279,"Croatia"
2004,0.102429803251344,"Croatia"
2005,0.0730492843458247,"Croatia"
2006,0.0695247030484461,"Croatia"
2007,0.0793715209734306,"Croatia"
2008,0.177233664192761,"Croatia"
2009,0.175367781068751,"Croatia"
2010,0.160753678981831,"Croatia"
2011,0.112281677742098,"Croatia"
2012,0.118731072519877,"Croatia"
2013,0.0704647958421614,"Croatia"
2014,0.036142654472345,"Croatia"
1999,0.103557963176551,"Hungary"
2000,0.0734707285008814,"Hungary"
2001,0.126236909918421,"Hungary"
2002,0.166330921604555,"Hungary"
2003,0.099880074008888,"Hungary"
2004,0.0696866547952568,"Hungary"
2005,0.104639466581314,"Hungary"
2006,0.184420712001755,"Hungary"
2007,0.0470564639014926,"Hungary"
2008,0.412595972350322,"Hungary"
2009,0.555984946731564,"Hungary"
2010,0.188919778530118,"Hungary"
2011,0.253113191331287,"Hungary"
2012,0.207868804588056,"Hungary"
2013,0.0900476869794894,"Hungary"
2014,0.0474897908622823,"Hungary"
1983,0.17779015075464,"Ireland"
1984,0.0594374974068951,"Ireland"
1985,0.0389674490117171,"Ireland"
1986,0.0908954997531704,"Ireland"
1987,0.0927466594093166,"Ireland"
1988,0.135708957206624,"Ireland"
1989,0.0887381228556137,"Ireland"
1990,0.129146572839495,"Ireland"
1991,0.183137371580357,"Ireland"
1992,0.245446314506721,"Ireland"
1993,0.309815314976491,"Ireland"
1994,0.114191374958779,"Ireland"
1995,0.0468614086393485,"Ireland"
1996,0.0378793435593729,"Ireland"
1997,0.10566170315432,"Ireland"
1998,0.185352679006977,"Ireland"
1999,0.274871391909587,"Ireland"
2000,0.148246398159638,"Ireland"
2001,0.195279547941224,"Ireland"
2002,0.306796225402715,"Ireland"
2003,0.307812624933518,"Ireland"
2004,0.108130162976725,"Ireland"
2005,0.040860881177511,"Ireland"
2006,0.0920666511695572,"Ireland"
2007,0.231186292093995,"Ireland"
2008,0.562099626917838,"Ireland"
2009,0.570756127397844,"Ireland"
2010,0.519140310360685,"Ireland"
2011,0.274241513302349,"Ireland"
2012,0.165188140084133,"Ireland"
2013,0.070571903541836,"Ireland"
2014,0.111891271382708,"Ireland"
1964,0.156360636271689,"Italy"
1965,0.07287420967092,"Italy"
1966,0.050109368079187,"Italy"
1967,0.0855267584369385,"Italy"
1968,0.0760689088564686,"Italy"
1969,0.0640424055246611,"Italy"
1970,0.0622850306907161,"Italy"
1971,0.214284678732684,"Italy"
1972,0.157636408593967,"Italy"
1973,0.116131431079899,"Italy"
1974,0.163314002104206,"Italy"
1975,0.197178798446808,"Italy"
1976,0.476181877115669,"Italy"
1977,0.2294423432384,"Italy"
1978,0.244039534882497,"Italy"
1979,0.0774667645771588,"Italy"
1980,0.0569511035168349,"Italy"
1981,0.152124885228399,"Italy"
1982,0.164985922287724,"Italy"
1983,0.168493818344589,"Italy"
1984,0.0815623071718567,"Italy"
1985,0.0707832173680641,"Italy"
1986,0.119147044207872,"Italy"
1987,0.0442330785458792,"Italy"
1988,0.0369100542115299,"Italy"
1989,0.133852478423102,"Italy"
1990,0.0997632834530835,"Italy"
1991,0.0994391852051827,"Italy"
1992,0.328133510313062,"Italy"
1993,0.356888603757829,"Italy"
1994,0.181501925774761,"Italy"
1995,0.24668814092137,"Italy"
1996,0.188752725720585,"Italy"
1997,0.0572309396049558,"Italy"
1998,0.092857605966992,"Italy"
1999,0.0951465279672025,"Italy"
2000,0.0760657679577148,"Italy"
2001,0.10128624961991,"Italy"
2002,0.069662289525636,"Italy"
2003,0.0397780565413696,"Italy"
2004,0.027765278981345,"Italy"
2005,0.028285275810271,"Italy"
2006,0.0240446939692712,"Italy"
2007,0.0312948837225049,"Italy"
2008,0.225508149224578,"Italy"
2009,0.254210756101114,"Italy"
2010,0.271119989982537,"Italy"
2011,0.156837661480371,"Italy"
2012,0.19284180758816,"Italy"
2013,0.115766930661305,"Italy"
2014,0.064303933045149,"Italy"
2003,0.0844078910037315,"Lithuania"
2004,0.0469129918716552,"Lithuania"
2005,0.0707994745546305,"Lithuania"
2006,0.0536226011023427,"Lithuania"
2007,0.0715367484973545,"Lithuania"
2008,0.136359208209369,"Lithuania"
2009,0.43763765574117,"Lithuania"
2010,0.273776399081057,"Lithuania"
2011,0.10062321695842,"Lithuania"
2012,0.0619674799674224,"Lithuania"
2013,0.0612746489882595,"Lithuania"
2014,0.0743399919750017,"Lithuania"
1994,0.132050293023619,"Luxembourg"
1995,0.279797413191607,"Luxembourg"
1996,0.19751236496773,"Luxembourg"
1997,0.116924718117603,"Luxembourg"
1998,0.0997576317532892,"Luxembourg"
1999,0.18770672754609,"Luxembourg"
2000,0.156869819529958,"Luxembourg"
2001,0.150069882375173,"Luxembourg"
2002,0.169060633189134,"Luxembourg"
2003,0.123888541633267,"Luxembourg"
2004,0.0830571776188475,"Luxembourg"
2005,0.0387846787796331,"Luxembourg"
2006,0.0817677447328576,"Luxembourg"
2007,0.0879838003804203,"Luxembourg"
2008,0.261925450770811,"Luxembourg"
2009,0.380870792420191,"Luxembourg"
2010,0.213070967643757,"Luxembourg"
2011,0.186724716584785,"Luxembourg"
2012,0.207079277514435,"Luxembourg"
2013,0.162960980014517,"Luxembourg"
2014,0.0785098829319072,"Luxembourg"
2004,0.0903722327498411,"Latvia"
2005,0.0604932439329059,"Latvia"
2006,0.100008834664829,"Latvia"
2007,0.102000690490754,"Latvia"
2008,0.102693792548483,"Latvia"
2009,0.334813835216028,"Latvia"
2010,0.312762719768382,"Latvia"
2011,0.0683020740781335,"Latvia"
2012,0.0490920517446882,"Latvia"
2013,0.0427565193826299,"Latvia"
2014,0.0735248625188555,"Latvia"
1998,0.10400003091009,"Malta"
1999,0.0823973837932412,"Malta"
2000,0.0819709619596599,"Malta"
2001,0.210671589041373,"Malta"
2002,0.22557493812342,"Malta"
2003,0.136423191691226,"Malta"
2004,0.0767710677638541,"Malta"
2005,0.0681541252507264,"Malta"
2006,0.122183576017439,"Malta"
2007,0.129578766006256,"Malta"
2008,0.150818939271045,"Malta"
2009,0.167263574951201,"Malta"
2010,0.328796238714258,"Malta"
2011,0.221831623017743,"Malta"
2012,0.191241273617595,"Malta"
2013,0.0934447702829855,"Malta"
2014,0.0723195744012381,"Malta"
1964,0.0463625983400836,"Netherlands"
1965,0.0553210230241445,"Netherlands"
1966,0.0938170018452713,"Netherlands"
1967,0.0555162555261153,"Netherlands"
1968,0.0463795268598602,"Netherlands"
1969,0.0852110326721547,"Netherlands"
1970,0.121320994432942,"Netherlands"
1971,0.142776281211662,"Netherlands"
1972,0.078832122709485,"Netherlands"
1973,0.142353520769183,"Netherlands"
1974,0.139943378795187,"Netherlands"
1975,0.137855894773933,"Netherlands"
1976,0.105177991214473,"Netherlands"
1977,0.0722822249291375,"Netherlands"
1978,0.115887218091308,"Netherlands"
1979,0.105442976042287,"Netherlands"
1980,0.173666791197871,"Netherlands"
1981,0.37579938150634,"Netherlands"
1982,0.27821174267932,"Netherlands"
1983,0.133208358710334,"Netherlands"
1984,0.0684819700987754,"Netherlands"
1985,0.0757494731906281,"Netherlands"
1986,0.0930648962162138,"Netherlands"
1987,0.113318127457683,"Netherlands"
1988,0.105647534856926,"Netherlands"
1989,0.0694145131806776,"Netherlands"
1990,0.0597220751914357,"Netherlands"
1991,0.0694601484569708,"Netherlands"
1992,0.0864429434550002,"Netherlands"
1993,0.0578346640270148,"Netherlands"
1994,0.0756907588228879,"Netherlands"
1995,0.0608859638658363,"Netherlands"
1996,0.0668002903976981,"Netherlands"
1997,0.13664872297135,"Netherlands"
1998,0.137801220586142,"Netherlands"
1999,0.120978712457995,"Netherlands"
2000,0.106592965994935,"Netherlands"
2001,0.101171565229863,"Netherlands"
2002,0.148487639039351,"Netherlands"
2003,0.341885624794856,"Netherlands"
2004,0.121407081267555,"Netherlands"
2005,0.029890535684003,"Netherlands"
2006,0.0338490624721582,"Netherlands"
2007,0.0586502902278262,"Netherlands"
2008,0.175395072207678,"Netherlands"
2009,0.174784989263484,"Netherlands"
2010,0.234272563774099,"Netherlands"
2011,0.103372761571864,"Netherlands"
2012,0.101571800855882,"Netherlands"
2013,0.0643116694762867,"Netherlands"
2014,0.0390265050943753,"Netherlands"
1999,0.0904075269019555,"Poland"
2000,0.107345560771766,"Poland"
2001,0.285627964414645,"Poland"
2002,0.160801706791487,"Poland"
2003,0.0628887119322606,"Poland"
2004,0.0542955464834331,"Poland"
2005,0.0392010680959963,"Poland"
2006,0.0773628461499147,"Poland"
2007,0.100870705270739,"Poland"
2008,0.211766186333455,"Poland"
2009,0.23135130381804,"Poland"
2010,0.0542931727619621,"Poland"
2011,0.179485488125585,"Poland"
2012,0.131300109651875,"Poland"
2013,0.0456742837906652,"Poland"
2014,0.0303485980317451,"Poland"
1977,0.165298118632,"Portugal"
1978,0.331368312273301,"Portugal"
1979,0.164626625146111,"Portugal"
1980,0.0583802530897902,"Portugal"
1981,0.0489704344935817,"Portugal"
1982,0.0649832103573929,"Portugal"
1983,0.0928247647566239,"Portugal"
1984,0.0844092306590116,"Portugal"
1985,0.0636810141164403,"Portugal"
1986,0.0555060114180563,"Portugal"
1987,0.042880170986977,"Portugal"
1988,0.0521626270494612,"Portugal"
1989,0.144741699181439,"Portugal"
1990,0.0812028226657436,"Portugal"
1991,0.249672771653468,"Portugal"
1992,0.227019996313776,"Portugal"
1993,0.125320156193655,"Portugal"
1994,0.0647303615669621,"Portugal"
1995,0.0598749421569137,"Portugal"
1996,0.0392230121843135,"Portugal"
1997,0.130222383449753,"Portugal"
1998,0.0806304133112579,"Portugal"
1999,0.0457733997395513,"Portugal"
2000,0.0812351174982075,"Portugal"
2001,0.0380871489833148,"Portugal"
2002,0.0744079935793737,"Portugal"
2003,0.0517886530276968,"Portugal"
2004,0.0214615757979579,"Portugal"
2005,0.0178167245110449,"Portugal"
2006,0.0462022304093302,"Portugal"
2007,0.0656917942294601,"Portugal"
2008,0.197016047682658,"Portugal"
2009,0.205861204592766,"Portugal"
2010,0.179817753416458,"Portugal"
2011,0.174986159901676,"Portugal"
2012,0.249886526375762,"Portugal"
2013,0.142327201178251,"Portugal"
2014,0.0817317077410751,"Portugal"
2002,0.091551098593614,"Romania"
2003,0.0449583278506759,"Romania"
2004,0.107130221300529,"Romania"
2005,0.113975708942571,"Romania"
2006,0.0914486232858346,"Romania"
2007,0.102607332465319,"Romania"
2008,0.243202088293351,"Romania"
2009,0.329754867739734,"Romania"
2010,0.196112105449723,"Romania"
2011,0.131978798992288,"Romania"
2012,0.217253690016679,"Romania"
2013,0.129684501007106,"Romania"
2014,0.0900726022397554,"Romania"
1964,0.0666464581152462,"Sweden"
1965,0.068526829992829,"Sweden"
1966,0.101891521624359,"Sweden"
1967,0.0841051950961798,"Sweden"
1968,0.137340617547765,"Sweden"
1969,0.0445135955142546,"Sweden"
1970,0.0486448159715203,"Sweden"
1971,0.168493011772715,"Sweden"
1972,0.109502305881175,"Sweden"
1973,0.0505861957557584,"Sweden"
1974,0.134612289729536,"Sweden"
1975,0.155116740341346,"Sweden"
1976,0.154576481636,"Sweden"
1977,0.262659947774022,"Sweden"
1978,0.151952116472714,"Sweden"
1979,0.108846966343454,"Sweden"
1980,0.131011603509182,"Sweden"
1981,0.197067237058811,"Sweden"
1982,0.243202140097754,"Sweden"
1983,0.171495099441082,"Sweden"
1984,0.131282905022543,"Sweden"
1985,0.184378954161267,"Sweden"
1986,0.10441810029261,"Sweden"
1987,0.130392527094101,"Sweden"
1988,0.0773372219647336,"Sweden"
1989,0.0434848853976921,"Sweden"
1990,0.102213633587526,"Sweden"
1991,0.246267690101631,"Sweden"
1992,0.353646626388868,"Sweden"
1993,0.328481470460692,"Sweden"
1994,0.151432049455666,"Sweden"
1995,0.119247892987469,"Sweden"
1996,0.0832507568888767,"Sweden"
1997,0.0717178526129525,"Sweden"
1998,0.107134033925757,"Sweden"
1999,0.0805614296592249,"Sweden"
2000,0.110807958018999,"Sweden"
2001,0.13379390018953,"Sweden"
2002,0.0893916958599646,"Sweden"
2003,0.177951027857982,"Sweden"
2004,0.122925274137584,"Sweden"
2005,0.0815929216284438,"Sweden"
2006,0.0642493667973062,"Sweden"
2007,0.095106836610019,"Sweden"
2008,0.213343183405448,"Sweden"
2009,0.463847516357676,"Sweden"
2010,0.169352356663928,"Sweden"
2011,0.0844248936899185,"Sweden"
2012,0.103854952349437,"Sweden"
2013,0.0631611961369096,"Sweden"
2014,0.0442342451655206,"Sweden"
2002,0.0773852534241387,"Slovenia"
2003,0.0604902872169415,"Slovenia"
2004,0.0628163571629375,"Slovenia"
2005,0.0759438419003939,"Slovenia"
2006,0.0680426230002383,"Slovenia"
2007,0.163369004267753,"Slovenia"
2008,0.177244444873438,"Slovenia"
2009,0.311929615172348,"Slovenia"
2010,0.262558105761877,"Slovenia"
2011,0.191940883545017,"Slovenia"
2012,0.266779674214267,"Slovenia"
2013,0.13121906678872,"Slovenia"
2014,0.075600145917521,"Slovenia"
1996,0.0577541870715037,"Slovakia"
1997,0.15817220299408,"Slovakia"
1998,0.31252344062576,"Slovakia"
1999,0.269830227037146,"Slovakia"
2000,0.123904570346739,"Slovakia"
2001,0.066549038525983,"Slovakia"
2002,0.0700278898879892,"Slovakia"
2003,0.0581649427002789,"Slovakia"
2004,0.0491777067343834,"Slovakia"
2005,0.0813138966040635,"Slovakia"
2006,0.0656409503380657,"Slovakia"
2007,0.0343747123208615,"Slovakia"
2008,0.0535042140908064,"Slovakia"
2009,0.120232228917628,"Slovakia"
2010,0.204708315915877,"Slovakia"
2011,0.0524955413035733,"Slovakia"
2012,0.0610033442391731,"Slovakia"
2013,0.100490180879135,"Slovakia"
2014,0.0846586762780983,"Slovakia"
